TeamName,AdjTempo,AdjOE,AdjDE,eFGPct,TOPct,ORPct,FTRate,eFGPctD,TOPctD,ORPctD,FTRateD
Abilene Christian,68.4092,99.0562,100.198,49.63672391,20.5720636,28.79914984,41.08322325,50.36791759,26.05105542,29.46107784,48.933039
Air Force,68.7757,107.785,110.273,52.86885246,18.07116105,22.50489237,35.0117096,56.22501428,16.43258427,22.75931521,29.81153626
Akron,69.433,108.476,98.9396,51.71997586,17.94923808,27.35381566,35.54616777,45.92127781,18.44099803,29.19254658,29.09298346
Alabama,74.7606,110.969,99.471,52.17169136,19.19656131,29.90115321,36.84210526,47.87712288,18.15326994,30.83131558,35.86413586
Alabama A&M,67.7433,87.9342,108.154,42.44354372,18.78023785,24.9137931,32.65778807,51.29032258,18.16058533,26.96078431,35.19061584
Alabama St.,69.6997,86.2453,103.435,44.63981849,22.60385855,26.04529617,35.67782189,51.2633352,20.35230233,29.81783317,38.349242
Albany,68.5031,94.3221,103.874,48.00820152,19.64156461,24.16427889,33.74340949,49.41828255,18.29815571,25.62674095,28.19944598
Alcorn St.,70.074,96.9478,111.304,47.27802981,20.55645097,27.73109244,31.10823072,51.42764439,17.96707797,28.20512821,37.11875406
American,68.6583,101.142,104.023,51.57773953,17.86122645,26.67322835,28.62880092,49.67046135,19.93139556,29.42913386,36.60874775
Appalachian St.,67.1842,99.937,100.204,48.35918854,19.46540659,26.8738574,41.16945107,49.83022071,20.31172861,27.69516729,27.2778721
Arizona,69.3338,111.016,91.4167,50.73490814,16.67686912,30.72183099,36.69291339,45.26989427,20.55931484,25.85152838,35.16972732
Arizona St.,73.2413,105.993,94.6962,48.81827731,17.87043931,26.50296359,32.40546218,49.13697105,22.29424905,28.60938884,34.24276169
Arkansas,71.21,109.08,95.4879,50.93150685,15.89960413,21.52466368,42.52054795,47.28982301,22.06123933,31.40053524,40.87389381
Arkansas Pine Bluff,66.0681,78.9897,104.62,43.0877193,26.16824809,27.10583153,37.40350877,48.89178618,20.61895034,30.74468085,46.28422425
Arkansas St.,67.2799,104.181,107.472,48.902133,19.03620148,28.93700787,48.11794228,51.95409429,19.90808857,29.08902692,43.05210918
Army,69.4783,98.8107,107.44,52.94292509,16.87246331,20.18442623,25.68370987,51.63934426,16.97055902,25.88011418,23.85528547
Auburn,69.2325,111.366,95.457,50,17.85045213,35.26448363,43.79014989,47.14673913,18.70047366,27.40549828,33.85869565
Austin Peay,67.785,106.931,106.953,51.27565169,18.36291157,32.85328533,37.32667776,53.09606481,20.5478656,27.91828794,32.46527778
Ball St.,67.9694,99.227,93.9749,58.14834867,15.49873701,20.6,23.44342177,48.95085588,18.24187631,24.1219963,27.88514633
Baylor,66.1893,113.545,88.056,50.38461538,19.49677567,25.54814109,30.88757396,45.6649092,19.59329436,25.13761468,28.52958407
Belmont,70.4594,106.527,100.508,49.38132733,17.83823511,35.73407202,30.82114736,45.17923362,22.7213274,29.8245614,30.77873918
Bethune Cookman,73.0099,95.3903,105.785,54.81777334,15.99628195,24.71315093,22.91562656,47.81059063,19.4981707,26.6721044,24.33808554
Binghamton,68.581,99.6595,116.883,46.40900791,20.11155241,29.59086584,37.37066342,48.33436151,20.35862308,30.88235294,38.8032079
Boise St.,69.0914,107.043,97.6459,47.88343558,17.65779986,25.7086999,22.45398773,53.3033033,14.17974838,31.5625,30.33033033
Boston College,69.2894,99.5736,100.252,51.12233446,17.75104276,25.49019608,35.9708193,51.08077361,19.24921261,22.57114818,29.80659841
Boston University,66.331,103.35,102.571,46.47505423,19.62976212,25.37942664,29.06724512,50.54200542,20.74763012,30.67765568,29.91869919
Bowling Green,70.093,104.319,103.99,51.32124352,16.94466508,29.44250871,27.30569948,49.65608466,17.16999307,25.06573181,26.13756614
Bradley,67.0529,106.772,100.679,47.56963408,15.09916364,28.19614711,28.07209175,48.86104784,16.4016474,26.76311031,33.54214123
Brown,69.3517,96.4183,101.112,49.47753396,17.29022721,31.53846154,32.23615465,46.4057508,17.87254057,25.90759076,31.15015974
Bryant,70.3003,97.8141,103.842,44.90466798,21.24833997,32.76723277,32.41288626,49.69879518,19.6519621,26.4380531,29.31726908
Bucknell,69.4555,96.1717,102.851,47.9403794,20.54637807,30.97046414,31.00271003,47.02917772,16.4737107,28.22847682,29.9204244
Buffalo,73.9297,104.136,102.291,49.33161954,19.03839269,24.41471572,28.43187661,51.50134048,19.83867911,26.64859982,38.33780161
Butler,63.7391,112.632,94.2425,48.81528046,18.32057793,34.68433359,27.41779497,48.87755102,19.04996863,28.77397832,30.40816327
BYU,69.4539,116.287,95.6094,52.28215768,17.32194299,29.38090241,29.40130409,45.80378251,17.86947568,25.3968254,30.91016548
Cal Baptist,68.6046,105.35,108.085,50.78566939,17.78584631,31.01659751,35.26084224,47.62048193,14.04976617,25.55663117,30.60240964
Cal Poly,68.3304,95.2294,108.482,47.33502538,19.08908026,22.83150548,33.6928934,52.61290323,18.37831663,28.55614973,43.35483871
Cal St. Bakersfield,64.9429,96.1511,104.852,46.49068323,20.78669651,35.15392254,30.68322981,50.85348506,19.34761752,25.25252525,49.07539118
Cal St. Fullerton,69.3361,95.9211,104.464,47.67657993,18.50540758,22.78846154,37.60842627,50.09025271,18.21244599,26.70050761,35.43922984
Cal St. Northridge,70.2594,107.406,113.27,51.62192394,16.25739306,25.16746411,30.42505593,54.69088937,17.29110013,32.0415879,29.01301518
California,65.1669,101.539,100.435,46.87685901,19.24366288,25.09615385,36.04997026,49.85640437,17.26754102,26.29107981,36.9902355
Campbell,65.6004,96.7799,105.276,52.6031746,19.23138893,21.8579235,25.33333333,49.7707924,19.59229971,27.70053476,40.47151277
Canisius,69.9928,97.7367,105.702,48.49543256,20.35442475,28.94969109,30.19881784,51.76136364,21.86545192,29.24976258,35.68181818
Central Arkansas,73.1824,97.9961,107.559,48.5426009,22.98234519,28.77442274,39.85426009,52.38465526,17.83704402,28.88117953,34.78486262
Central Connecticut,69.5097,90.294,113.963,44.7106955,20.3758421,23.3965673,29.28112215,53.38512764,18.01205531,33.42670401,33.24084351
Central Michigan,73.6316,102.002,106.403,47.49311295,17.6825679,27.5261324,33.66391185,54.54026271,21.09904316,28.86904762,29.18332381
Charleston,65.8689,104.962,104.883,51.11782477,16.25426675,22.66800401,32.32628399,49.10820452,17.70464747,29.32692308,32.52080856
Charleston Southern,66.9336,95.4437,109.054,48.40209181,18.78583781,22.76951673,25.33410808,52.59515571,18.59166894,30.0990099,28.77739331
Charlotte,65.5396,98.5013,98.049,51.58783784,20.59998083,21.5261959,37.97297297,50.44585987,20.34439794,23.6673774,27.57961783
Chattanooga,67.0093,106.629,104.764,52.49719416,17.5212392,25.92242195,29.18069585,51.06263982,16.90893783,24.62121212,27.34899329
Chicago St.,68.9879,86.8504,120.836,45.45454545,26.49171787,20.64676617,42.15607401,57.60135135,16.01695913,31.91747573,42.5
Cincinnati,67.9867,108.762,94.744,50.29188558,20.2247191,31.97278912,39.57968476,45.6655481,19.75655431,28.77442274,29.19463087
Clemson,65.9634,103.896,93.4755,50.11648224,18.47597166,23.28638498,28.94583576,48.3205657,20.00765843,24.52651515,28.69770183
Cleveland St.,67.1429,92.8885,105.714,44.52533489,22.18805303,32.23508459,38.73034362,49.97137951,20.5634048,33.11748381,39.49627934
Coastal Carolina,72.7656,104.825,106.156,50.13269639,21.87355588,35.88184188,34.66029724,50.02807412,18.35266158,27.81168265,45.76080853
Colgate,68.4977,107.205,102.475,52.75707899,15.74387616,27.94612795,24.83854943,49.79664464,17.32705924,26.26262626,23.79257753
Colorado,68.1682,109.087,93.3736,50.47806524,19.21467965,30.26070764,36.16422947,46.91256831,19.3512769,23.89380531,26.12021858
Colorado St.,69.3305,109.27,102.12,53.8661281,18.58854618,26.34615385,39.18061166,51.55746509,17.58622261,23.7704918,24.11385607
Columbia,69.0956,95.1935,106.461,46.06389047,15.85091308,20.14787431,22.47575585,52.32491389,16.29257939,25.14734774,25.66016073
Connecticut,68.5023,108.566,95.5985,47.7980666,19.88359716,34.08499566,34.58646617,46.38382688,21.87648617,29.42238267,34.62414579
Coppin St.,73.3838,89.6252,105.289,45.91346154,19.11146742,23.56275304,32.7457265,48.56483854,19.71408126,28.67412141,30.2409021
Cornell,65.1741,101.179,110.276,49.78432782,17.8576779,24.46300716,26.81524083,53.09388336,18.33707865,29.91556092,31.79231863
Creighton,68.2962,118.223,97.2912,55.16365688,15.93208651,23.88059701,28.78103837,48.44169801,17.64419133,30.16710642,23.42826437
Dartmouth,65.773,96.7157,99.8919,49.63744232,18.90180008,21.28121607,27.35662492,49.19041451,16.81939837,20.75664622,29.66321244
Davidson,64.7579,112.483,101.859,53.44931014,16.48941784,24.56140351,31.49370126,49.33814681,17.28408858,24.87611497,32.61131167
Dayton,67.5583,119.051,94.118,59.68115942,17.99142596,26.39040349,33.91304348,46.57998869,18.74106871,26.56794425,30.92142453
Delaware,68.2671,105.637,106.414,47.91891892,20.35827892,31.26064736,33.2972973,48.77163596,22.09944751,30.21390374,35.39921831
Delaware St.,74.6834,94.0641,117.179,54.41676104,18.61859134,23.8,32.27633069,49.83974359,16.71132101,26.79680568,28.95299145
Denver,70.9285,95.0381,106.785,46.95024077,19.82861482,26.04690117,33.49384698,54.02869757,18.70050982,30.01858736,43.81898455
DePaul,70.5505,103.377,95.4771,49.13277512,19.28635849,20.76023392,36.30382775,51.96078431,17.48259834,25.38167939,38.11995386
Detroit,69.3247,99.8949,111.739,46.24324324,19.1353771,30.77578858,32.05405405,53.06503198,16.99403728,30.52245646,31.76972281
Drake,67.8782,101.972,101.349,51.70126874,19.18498486,23.48336595,30.39215686,50.05640158,17.89057624,23.38634238,30.51325437
Drexel,67.3321,99.9738,106.732,50.47512577,21.41581024,29.84389348,28.78703186,50.08090615,15.99292267,26.48698885,29.55771305
Duke,71.9623,115.725,91.1058,52.55493102,17.81708087,34.83642794,35.56463975,45.71580628,20.21302084,27.96610169,30.8674827
Duquesne,67.7756,106.598,99.0147,51.16890707,18.45708059,29.52565344,32.84628872,48.03240741,20.16156033,30.50373134,29.22453704
East Carolina,70.5926,99.6095,104.026,46.73109721,19.25418354,27.26440988,36.78226265,50.05675369,18.710536,26.48401826,40.1816118
East Tennessee St.,66.1035,108.248,96.0159,53.49508954,18.21006094,31.83153771,36.85730791,49.78593272,22.27267296,26.24254473,33.14984709
Eastern Illinois,69.1347,98.1503,104.515,50.46961326,17.42305502,28.19582956,29.39226519,49.06432749,21.41486008,28.82797732,33.85964912
Eastern Kentucky,74.4965,95.4321,104.891,46.50859823,18.8128896,24.85596708,32.5169359,51.74672489,23.33480864,33.55018587,36.29912664
Eastern Michigan,66.838,94.2328,96.5707,46.23878537,21.69223157,25.40650407,42.44306418,49.54007884,23.11726868,30.51546392,30.8804205
Eastern Washington,73.0738,105.418,101.099,51.98347107,17.66507255,27.29779412,29.58677686,49.11881751,18.50183914,27.03461179,33.65548607
Elon,66.1853,100.607,109.956,49.50696056,17.25815321,22.8150874,27.95823666,52.58988422,17.40317971,25.86558045,42.10847044
Evansville,67.5886,96.8703,107.431,48.62170088,18.40341114,19.90654206,32.37536657,52.8125,17.24157963,25.52342971,33.29545455
Fairfield,63.1876,90.0554,101.649,51.69971671,20.35996899,30.21515435,29.2917847,47.86756453,21.30694429,35.45706371,30.52749719
Fairleigh Dickinson,68.8902,102.144,112.378,43.13960455,21.2979658,30.23897059,35.94967046,48.34515366,19.36178709,26.26552053,31.08747045
FIU,72.2007,103.681,102.1,51.07719928,18.53607162,26.54508612,29.80251346,52.50728863,18.04045473,31.66666667,31.89504373
Florida,64.8634,112.467,95.6807,52.1399653,17.81113679,31.11332008,34.00809717,47.93996469,19.21092803,27.43614002,33.72572101
Florida A&M,68.6447,94.4258,107.271,45.3539823,21.21365086,31.20772947,38.74841972,51.41633729,21.6225887,31.79824561,41.10671937
Florida Atlantic,68.7826,99.6563,101.315,48.53279632,18.78405068,28.66419295,26.86996548,50.50898204,20.69180582,26.85093781,29.34131737
Florida Gulf Coast,66.0629,91.2389,103.263,47.24075197,23.32782054,27.81007752,23.04426925,49.07902555,19.84605628,30.07736944,29.82768865
Florida St.,69.9021,111.709,91.491,51.89393939,18.89275146,33.52380952,30.14069264,47.01405152,23.71936679,30.16759777,34.42622951
Fordham,64.8225,89.1301,95.9206,45.00891266,18.8772672,21.35135135,27.03505645,47.18654434,21.02908004,26.28624883,33.14984709
Fresno St.,64.1994,105.096,104.068,49.81729598,19.36606007,30.46421663,29.47624848,49.70113568,15.42016043,26.64054848,28.21279139
Furman,68.196,107.665,98.0748,54.58083832,16.59884277,23.47466391,31.55688623,50.71119357,23.02101409,28.39116719,26.83982684
Gardner Webb,66.1797,102.235,106.716,51.83976261,18.11379239,27.36124635,34.77744807,49.35028249,17.62946639,29.95391705,31.41242938
George Mason,67.0194,101.291,101.327,47.61772853,20.08959498,33.1299041,34.40443213,49.55947137,18.88883757,27.84697509,30.56167401
George Washington,66.6051,99.2163,105.756,48.98609502,19.41074523,22.9704797,32.79258401,50.10840108,15.66724437,26.74524025,31.11111111
Georgetown,69.9856,111.004,100.182,49.08901614,18.91149703,32.46753247,33.94065591,50.79405738,18.82414601,28.70448772,26.58811475
Georgia,70.4779,108.213,100.773,50.85378869,20.05444295,31.59752868,33.56456777,50.67885117,17.88997664,30.05181347,31.54046997
Georgia Southern,71.7531,102.168,98.7811,50.24617068,18.27213057,25.96830986,36.21444201,49.51638904,20.7113713,28.67319679,27.61955938
Georgia St.,73.0323,105.648,101.363,50.34852547,18.94075404,30.91743119,31.26005362,46.86781609,20.78096948,32.90909091,46.95402299
Georgia Tech,69.9686,103.054,91.7939,49.84939759,22.92572581,29.17933131,34.81927711,44.67048711,19.26886157,28.87892377,35.75931232
Gonzaga,71.9388,121.329,94.3833,57.54299754,15.31188075,33.57335734,38.77149877,47.60848126,18.43250862,22.73838631,21.79487179
Grambling St.,68.7331,93.0978,105.09,47.5974026,20.27356644,28.06451613,38.83116883,48.49529781,19.96946294,29.16235781,36.42633229
Grand Canyon,68.0003,103.38,112.06,50.72830906,16.91803113,23.24840764,37.4920836,50.96717468,16.05693373,28.62745098,29.89449004
Green Bay,74.0135,105.827,110.467,50.79446438,16.23423685,25.83479789,31.62480779,51.39664804,18.16688409,31.63265306,33.01168106
Hampton,70.8569,104.779,116.729,50.16565433,15.7033115,27.43521001,41.02705687,53.60742706,15.115003,30.99730458,38.14323607
Hartford,68.2431,94.411,101.129,48.60221316,19.61071787,22.82507016,30.3436226,45.96069869,18.67240601,31.01970865,29.47598253
Harvard,68.7502,104.724,99.0385,51.2345679,19.67881723,30.0204918,32.59259259,47.27161251,17.53759878,25.02415459,31.39178418
Hawaii,68.4453,97.6128,100.953,48.79518072,18.64291973,27.58964143,32.22891566,49.16666667,19.0903498,25.90618337,32.4691358
High Point,66.3547,94.5071,113.578,45.71960298,21.56307632,31.15530303,40.50868486,55.57228916,17.81297609,28.71690428,36.02409639
Hofstra,67.9483,108.669,102.611,51.70514166,16.48296871,29.76827094,34.31269675,50.38363171,19.76183883,29.3594306,20.25575448
Holy Cross,68.297,95.9423,117.282,49.29418408,20.50015725,25.34562212,24.56239413,55.85683297,15.37511793,29.31372549,31.39913232
Houston,65.7332,112.73,92.3404,47.96573876,17.76205347,38.73483536,32.92291221,43.91646489,18.19527428,25.28940338,41.6464891
Houston Baptist,76.0951,102.934,122.319,50.33333333,21.41452641,32.12010919,38,58.14014752,16.74386838,32.09393346,36.72286617
Howard,70.2329,93.5915,119.738,48.18029115,20.70574673,25.66371681,33.09070549,53.87776066,18.53319515,36.94885362,34.72008218
Idaho,68.9051,92.7689,107.06,47.92013311,18.76190034,28.69490061,32.22407099,54.44148936,17.09004783,33.52165725,29.5212766
Idaho St.,67.3807,100.779,111.145,47.62484775,21.00759542,23.98414272,30.51157125,51.63104612,16.00807615,26.34615385,29.41507312
Illinois,66.0472,110.895,93.6652,50,20.27916433,29.17547569,35.72815534,53.81125227,16.21290516,28.57142857,26.01330913
Illinois Chicago,69.5031,96.3968,99.5393,48.30316742,17.88135646,35.57422969,32.239819,46.99034639,16.59350253,25.71959146,23.9068711
Illinois St.,68.4911,98.3913,102.945,50.80603224,22.45267456,27.72020725,29.38117525,46.08673978,17.67992488,28.17220544,36.59022931
Incarnate Word,66.094,90.2978,112.759,49.8810232,20.97412907,25.19230769,25.2230815,51.54119739,19.36822127,27.28174603,31.0017783
Indiana,67.867,108.476,92.7455,45.66878981,21.94387432,27.45490982,31.08280255,52.98366834,20.46048888,34.13830955,35.99246231
Indiana St.,66.4133,105.755,101.16,49.31506849,18.26887661,32.40574506,39.23287671,47.89939193,17.77022241,24.53333333,32.5594251
Iona,68.6742,101.581,106.143,51.68253968,16.94651741,23.61702128,32.25396825,50.60741688,19.07131012,25.68710359,33.50383632
Iowa,70.2155,117.283,98.6328,51.00882724,20.49068492,25.10869565,33.73266078,49.35294118,18.6549577,31.67128347,34.17647059
Iowa St.,69.8953,109.579,101.233,51.60599572,17.14579642,32.01438849,34.42184154,49.41952507,17.55729554,29.51965066,26.75461741
IUPUI,70.7957,99.386,115.568,49.84251969,18.7460278,29.24865832,28.50393701,51.79041601,20.64715798,31.55555556,28.0147446
Jackson St.,68.6709,92.7666,102.312,45.23809524,18.23607427,26.64783427,35.5981417,48.64353312,22.78325123,29.67942089,43.59621451
Jacksonville,66.6364,95.9757,102.498,47.98935541,20.28277445,29.36732767,30.10053223,46.57338664,16.03869026,26.5049416,28.72644203
Jacksonville St.,68.1314,95.8134,105.485,48.73635841,20.70236744,31.03122044,29.06375646,52.11640212,19.40546739,25.47452547,28.39506173
James Madison,72.1227,99.4754,111.587,48.24253076,17.23162822,25.76576577,37.19976567,52.7072758,15.88390311,26.04166667,29.27241963
Kansas,67.3427,115.772,85.5375,53.67081113,18.74547618,32.61977574,35.82001184,43.73937677,18.64733233,26.37554585,23.17280453
Kansas St.,67.1921,102.482,94.2295,47.50287026,21.245328,29.63294539,34.6727899,49.57472661,24.30021176,30.12633625,38.76063183
Kennesaw St.,68.2316,83.5172,112.228,39.2721519,21.60944844,25.8302583,32.46835443,55.26946108,18.47177677,31.15100317,30.41916168
Kent St.,68.8759,106.119,102.056,52.28285078,18.41115499,30.01930502,28.89755011,47.97835991,19.39998941,30.38674033,34.39635535
Kentucky,67.6714,112.665,95.0609,50.69645966,18.09320102,30.83247688,40.80092861,45.29961517,17.34516171,28.48588537,32.05057724
La Salle,69.1126,99.6153,100.422,51.38297872,18.950177,21.59789289,33.35106383,50.04916421,18.65605009,31.1774461,28.4660767
Lafayette,66.9047,100.587,105.496,52.7393617,17.6368837,35.07951356,35.42553191,49.43328181,16.64198257,28.51170569,26.37815559
Lamar,69.6066,96.3053,102.461,48.3701979,20.82853651,28.92335766,33.06169965,48.47305389,20.26177361,28.35101254,40.05988024
Lehigh,68.3514,97.0344,108.75,52.07845433,17.77262152,23.3935743,23.7704918,48.91304348,14.316834,27.22323049,22.11956522
Liberty,61.4619,106.095,96.4193,47.96099291,20.21645048,28.92483349,34.92907801,50.87565674,22.56943402,32.4853229,27.55399883
Lipscomb,68.7056,101.152,108.015,49.73560517,19.93583454,25.73158426,26.14571093,52.47838617,16.99842897,26.81017613,32.39193084
Little Rock,69.2629,106.44,102.505,54.3597561,15.15277131,23.92444911,31.95121951,45.55485498,19.4384036,21.31782946,28.56242119
LIU,72.8391,97.3937,106.099,50.08761682,18.85815573,26.60902978,28.73831776,51.5696347,17.63992861,27.66159696,27.11187215
Long Beach St.,70.8732,94.1814,105.259,52.82840981,22.0864578,30.14553015,45.25455688,49.00932401,19.61657434,28.71842844,34.44055944
Longwood,67.8287,91.2504,105.075,48.17036593,21.99740115,24.58857696,33.17336533,52.20507166,19.67700019,31.16883117,29.93384785
Louisiana,71.8478,101.321,106.212,48.11827957,19.28471877,22.44525547,32.5567503,51.51791135,20.33748258,25.09803922,34.9726776
Louisiana Monroe,64.9257,96.0639,103.741,47.97687861,19.08610239,28.64450128,34.99737257,51.56087409,18.69922194,29.84670875,32.77835588
Louisiana Tech,66.53,108.686,98.2116,47.7320307,20.53614403,25.61797753,32.24005583,48.30287206,16.7972265,30.45310854,34.0078329
Louisville,67.1418,114.45,93.0868,53.2882606,18.45968807,30.18672199,29.25629994,47.17898833,20.70831863,26.75350701,32.55512322
Loyola Chicago,65.2727,103.666,96.8001,52.4622272,17.92289817,31.96564885,32.23279239,45.11851016,17.39855806,24.97824195,29.00677201
Loyola Marymount,62.9919,100.597,104.019,54.86867393,19.41464127,21.3740458,38.88532992,52.19000617,23.55059241,23.60248447,23.50400987
Loyola MD,70.9542,100.386,109.135,52.73733256,19.10713483,25.67049808,42.45777519,50.85287846,17.84831183,29.83870968,32.35607676
LSU,70.0128,118.07,102.447,50.9658725,21.92957808,27.32362822,34.77141017,51.8113679,18.58269487,27.81875659,38.16364772
Maine,65.8917,92.8683,106.774,46.27692308,22.88962767,28.19253438,26.76923077,49.90920097,18.58217038,28.44488189,32.80871671
Manhattan,65.8397,92.8297,101.586,45.72599532,20.87309448,30.13100437,34.13348946,47.46192893,22.32261493,30.11472275,46.00253807
Marist,65.1666,90.2147,103.8,45.93023256,20.93627521,25.91206735,29.74296206,49.25854288,20.53748902,25.20408163,39.13604126
Marquette,70.7049,114.049,96.8613,51.55895692,18.8124903,29.98120301,39.22902494,46.79521999,15.08678929,26.01351351,34.81803368
Marshall,74.8568,101.172,99.0604,50.20397756,19.27216593,27.87021631,28.60785314,46.29341628,19.95587913,32.08895949,37.63608087
Maryland,67.0396,113.542,92.4261,48.64712514,16.69578491,31.5266486,37.7113867,46.12233752,17.26821182,26.59667542,24.24904424
Maryland Eastern Shore,67.5396,81.6619,107.8,40.48146099,21.07525391,26.18473896,25.6779192,51.02564103,20.38198898,30.96351731,36.58119658
Massachusetts,68.6074,102.944,102.509,49.18539326,18.82537957,25.8302583,29.88764045,50.99318956,20.3055077,30.33492823,33.4846765
McNeese St.,68.9523,102.982,112.303,54.89756722,22.68811921,30.11111111,35.65941101,51.55440415,17.56339053,31.58914729,29.59124928
Memphis,72.591,100.588,89.055,49.74475326,22.32509275,30,39.9319342,41.16869381,20.18013286,29.37548188,35.00793231
Mercer,68.0934,100.117,102.725,51.00690449,21.00113358,30.53892216,26.46720368,49.59467284,17.707774,26.8907563,35.32136653
Merrimack,63.181,93.8723,98.766,48.47447073,18.62906546,23.03149606,25.90286426,48.00399202,25.88513792,34.18530351,37.7910845
Miami FL,68.2715,107.65,101.262,48.81401617,17.15075121,26.00178094,28.14016173,50.20565553,17.60932744,31.90184049,22.87917738
Miami OH,67.0904,101.991,106.978,48.39977541,16.37815116,25.0678733,26.89500281,51.86721992,17.88028928,28.13397129,36.92946058
Michigan,68.7394,113.156,93.0352,52.81652361,15.27103792,25,26.7167382,46.90148305,16.05298866,25.45931759,26.37711864
Michigan St.,69.1211,115.245,91.215,52.61865794,18.05848062,32.76190476,30.82378614,43.27282435,15.77789931,25.99190283,29.31126535
Middle Tennessee,69.779,97.5034,108.162,47.4695122,20.51963852,27.12022367,30.6097561,54.66155811,19.36572242,28.24175824,39.65517241
Milwaukee,69.5459,96.0247,104.918,46.83794466,18.84248189,29.24444444,30.43478261,50.77833126,20.80823699,29.66700303,43.83561644
Minnesota,66.7923,112.06,94.2344,49.4120791,16.691732,31.30434783,27.52538749,45.62398703,15.83574575,27.86195286,27.98487304
Mississippi,68.013,103.676,96.9578,48.59550562,18.85494548,26.38259293,36.79775281,47.62857143,19.57666588,27.81818182,40.62857143
Mississippi St.,66.2338,113.397,99.8233,51.51780502,20.64856125,36.95219124,39.46293053,48.07909605,17.05542414,28.27272727,31.5819209
Mississippi Valley St.,77.0792,89.7696,117.644,42.96259843,18.21221649,23.50299401,22.93307087,53.96942801,17.62336884,35.91979076,36.09467456
Missouri,66.4596,104.149,96.712,47.01230228,20.8502314,31.37802607,35.73520797,46.28229364,20.8502314,27.70853308,47.76307498
Missouri St.,68.2675,104.836,100.15,49.81799272,19.72449547,31.88277087,28.75715029,49.61580681,18.18351926,22.65834077,33.15038419
Monmouth,72.6457,99.1174,101.835,47.14983713,17.62065408,25.46531303,35.55917481,49.50058754,22.43845317,28.78645343,41.71562867
Montana,68.2418,103.204,100.127,52.30677052,16.86363441,20.14925373,26.1234272,48.72382199,20.50185291,25.36534447,46.26963351
Montana St.,67.3335,96.9776,101.579,48.96390374,20.64962395,22.37991266,38.43582888,48.26034793,15.91953767,24.95238095,30.83383323
Morehead St.,67.346,94.5518,108.067,47.24118316,18.08569173,27.89237668,31.45620023,49.66517857,17.27231406,28.27081427,29.18526786
Morgan St.,69.5579,93.2023,107.46,45.91645885,22.6316084,33.84615385,40.77306733,47.40384615,18.7519041,29.00096993,49.29487179
Mount St. Mary's,63.2201,96.3715,107.468,46.2478185,17.94255409,29.31798051,32.63525305,49.97079439,17.34777329,27.87996128,30.0817757
Murray St.,68.8634,102.433,99.2862,52.74261603,19.87376829,28.92307692,40.08438819,46.38905067,18.54251108,24.79638009,32.20733838
N.C. State,69.5383,110.689,97.2983,50.86823289,16.88489177,28.71972318,28.49846782,47.84598815,20.05907508,30.88737201,35.43349488
Navy,62.4539,98.1086,106.011,45.27150702,16.36012995,25.14231499,31.05552166,50.60050569,18.32748735,27.32123799,33.43868521
Nebraska,73.1273,101.96,101.324,46.1345066,18.84929417,33.78378378,32.05531113,50.65189048,18.08660597,25.85106383,30.05215124
Nebraska Omaha,69.2369,103.188,107.686,46.81750373,16.0090156,22.28915663,29.04027847,51.50517404,18.66314187,32.96178344,21.77798683
Nevada,71.0373,110.322,101.005,49.86904138,16.96084535,27.15173026,27.60607648,52.55397578,16.01857616,26.66666667,29.48920484
New Hampshire,68.59,94.955,102.062,52.92708888,16.72580112,25.23020258,28.25971261,46.94533762,15.15635597,24.44626743,36.54876742
New Mexico,71.8452,105.273,102.396,46.77230047,18.40759123,28.15884477,25.7629108,47.16446125,16.3284969,21.42170989,39.06742281
New Mexico St.,63.5034,107.582,99.4461,52.2335845,19.53454851,27.93851718,37.24434876,52.65957447,19.9648249,30.09458298,24.36676798
New Orleans,69.7844,99.2945,114.801,52.6984127,20.59847646,34.51232583,31.87301587,49.58563536,20.91866003,21.68949772,32.0441989
Niagara,65.986,100.067,111.609,48.38376891,20.26972679,27.57437071,40.30261348,56.13559322,20.6450921,34.19434194,39.72881356
Nicholls St.,68.6684,99.712,101.53,49.71988796,15.75261864,17.7238806,24.3697479,52.78227985,20.69278898,35.77386469,27.60669908
NJIT,66.9441,94.724,105.792,49.51923077,19.29937123,29.42973523,25.78125,49.79825151,24.84280765,34.06593407,39.74445192
Norfolk St.,67.4624,94.1516,101.916,46.96774194,20.90258756,30.66801619,33.29032258,47.19562244,21.59402175,28.75131165,40.49247606
North Alabama,70.0569,96.0212,105.596,47.94252123,21.38724276,27.97558494,39.71260614,49.96755354,19.3503625,26.33196721,40.81765088
North Carolina,70.3903,107.708,98.3509,46.42857143,18.07305587,35.27131783,33.47910593,49.09954977,16.03665521,24.20278005,29.16458229
North Carolina A&T,73.7326,92.3185,102.386,47.08128751,20.58429376,28.5130719,41.40752864,47.71366358,21.44197266,30.35863219,41.97060425
North Carolina Central,66.6207,94.2006,103.197,50.19762846,22.79362085,28.37259101,35.57312253,47.87765293,22.69163596,33.23412698,33.33333333
North Dakota,68.8528,102.22,107.711,50.53731343,19.01344236,24.67789891,36.71641791,52.42424242,15.15427832,25.45454545,29.75206612
North Dakota St.,66.049,106.806,101.244,51.94619347,14.65907536,22.38232469,33.25701202,49.23857868,14.56388656,18.95238095,26.6215454
North Florida,69.4295,111.98,111.605,54.6306505,17.28344737,26.93032015,28.61080485,50.31446541,15.74610569,31.8018018,28.09224319
North Texas,62.9332,111.197,101.227,55.26662278,20.52597819,29.28571429,29.36142199,49.79591837,20.6863374,27.65726681,38.7755102
Northeastern,65.9162,105.36,103.173,54.87534626,17.99361961,24.36548223,25.59556787,51.69054441,19.73789906,24.14800389,30.6017192
Northern Arizona,66.593,102.322,106.67,49.74779319,17.17409309,26.82672234,31.33669609,53.4868842,18.44624814,26.16926503,28.02303263
Northern Colorado,64.9703,110.174,100.051,54.71188475,15.44955733,24.97398543,25.33013205,48.49137931,16.80661304,23.97905759,24.93842365
Northern Illinois,64.7613,99.804,100.834,47.22540046,18.03249868,30.54318789,27.402746,47.1937236,17.02790265,24.25093633,32.16656608
Northern Iowa,65.7589,112.694,99.267,54.80416157,18.60308454,28.91046386,27.60097919,48.45360825,15.64939145,22.53384913,25.83383869
Northern Kentucky,65.6512,101.953,99.8442,49.45339471,18.04891694,29.74683544,33.429229,46.54178674,20.1894893,31.93430657,30.95100865
Northwestern,66.6841,104.889,101.278,46.91876751,15.59922004,22.01834862,25.82633053,49.18122271,15.83920804,29.23617208,28.60262009
Northwestern St.,72.4042,98.2626,107.128,49.72239358,21.57915672,30.74596774,33.92967304,48.09495897,17.75059666,32.50460405,37.16295428
Notre Dame,68.1292,110.737,98.6473,50.42649272,14.16327104,26.92307692,24.9874561,47.46394828,16.77111142,28.11993517,19.74142218
Oakland,66.0673,98.5531,105.025,48.09442548,19.94510522,28.47038019,37.37201365,49.3496358,17.65782251,30.2698145,26.17065557
Ohio,68.0207,103.635,103.272,51.34267367,18.65084171,26.62835249,29.5971979,49.08066429,18.11796052,24.78134111,32.7995255
Ohio St.,66.1674,114.271,92.0437,52.27810651,19.06478519,31.05835806,36.74556213,46.1627236,18.33896849,25.4691689,29.31332949
Oklahoma,69.6405,108.773,93.0747,48.2300885,15.97305415,23.30623306,31.25,46.65981501,16.71383348,27.38486842,19.7327852
Oklahoma St.,68.3896,107.249,94.5199,47.75659002,19.45027851,29.51263538,35.16545149,46.7240422,20.54606885,28.9679098,33.14825097
Old Dominion,66.4451,98.3209,98.338,45.31085353,18.05205468,30.75657895,28.76712329,48.13110983,18.46546052,21.68888889,33.98504888
Oral Roberts,70.3803,108.242,104.903,50.86009174,13.89376632,28.99408284,28.15366972,51.63883735,18.13340825,26.81388013,31.66357452
Oregon,64.9946,117.097,97.1007,54.32876712,17.47098061,32.74853801,28.87671233,47.30337079,19.84475515,31.09090909,29.49438202
Oregon St.,65.619,110.893,101.966,51.61967606,17.3428606,26.45875252,38.81223755,49.39200926,18.55395422,28.95238095,30.86276781
Pacific,64.9133,103.819,99.1223,49.5173197,18.20239442,33.03834808,33.95797842,48.14241486,18.10709393,21.28966223,41.60990712
Penn,70.2189,103.414,100.788,52.34274711,17.30143438,22.65795207,24.64698331,47.55351682,16.92414453,28.6,25.01529052
Penn St.,70.9178,110.344,92.4292,49.53392025,15.72215163,29.21914358,30.96841015,46.37249594,18.61358182,27.62711864,31.78126692
Pepperdine,70.8307,107.237,104.371,50.02585315,17.44288577,26.86308492,33.04033092,52.80274987,19.0247161,27.75250227,34.69063987
Pittsburgh,65.4824,103.955,98.3075,45.12587038,18.38680907,32.75290216,35.08302089,49.75516866,23.32654881,34.52274755,25.95212187
Portland,69.2764,94.3979,104.331,48.59413203,19.83591785,19.30693069,33.49633252,51.59128978,18.23396724,30.60057197,31.21161362
Portland St.,71.8022,108.777,108.807,49.63369963,17.67786613,35.90869183,30.82155939,52.88839035,20.32258626,34.26017875,32.08076276
Prairie View A&M,70.7008,96.3278,100.488,47.36533958,20.22911874,27.90697674,40.45667447,47.78059607,23.69957704,28.2208589,49.20735574
Presbyterian,66.9015,96.9192,114.391,50.15842839,21.85765388,26.37474542,35.67807351,53.78378378,16.87430616,27.43538767,37.05705706
Princeton,66.2915,106.973,105.477,53.5615491,18.2583268,24.63768116,27.80082988,52.2556391,17.17423864,23.99020808,26.52084757
Providence,68.4267,107.805,92.801,47.32721382,19.26274945,33.74896093,35.85313175,47.42755766,21.4338507,28.41121495,37.37433471
Purdue,64.5562,109.339,90.7695,47.75040171,17.3693045,34.89813995,25.81681843,47.11017459,20.38582237,27.23735409,31.90848886
Purdue Fort Wayne,67.8778,95.386,103.815,49.42889777,20.2595299,28.37338262,24.50028555,53.52697095,18.1320375,23.77985462,29.51985774
Quinnipiac,68.8963,100.689,108.337,50.85545723,19.88364921,26.99029126,28.20058997,48.76873662,14.12658289,26.1732852,23.55460385
Radford,64.2978,105.593,106.765,52.55648038,16.38001638,30.35363458,32.52080856,50.12150668,16.27764128,26.62835249,34.32563791
Rhode Island,71.1919,105.249,94.189,46.89357104,16.37515668,30.39796782,37.06104808,47.38743747,20.88292453,28.62222222,28.4602557
Rice,70.1034,105.825,108.441,51.48514851,18.79866258,24.57943925,34.36225976,52.9264214,17.62959153,26.71683913,29.76588629
Richmond,69.265,109.205,95.3368,53.43784378,15.56258514,22.63056093,27.77777778,47.72982063,19.85730449,26.31578947,30.21300448
Rider,71.1029,100.918,102.111,49.10144928,19.63719926,30.59701493,40.8115942,49.14236707,19.12653923,23.98148148,30.3030303
Robert Morris,66.0965,100.537,103.832,51.37711864,18.70953893,28.24561404,25.95338983,50.39128004,21.37587419,29.34682613,31.74958077
Rutgers,67.3701,107.947,90.2277,48.93138358,17.92042304,31.98900092,29.13385827,45.0957632,18.85071822,25.44014085,27.4521184
Sacramento St.,63.8564,97.0661,98.1685,46.92537313,19.79367195,27.52646776,30.08955224,51.22324159,18.26348783,29.77022977,40.6116208
Sacred Heart,68.706,102.153,104.796,52.05158265,19.7979373,34.12698413,31.7116061,49.18746373,18.65955591,29.04135338,28.20661637
Saint Joseph's,71.1831,101.911,110.248,45.42782495,19.12509615,32.18390805,32.13585892,48.03711635,21.73054403,25.90431739,35.33190578
Saint Louis,67.5688,105.804,94.3947,49.11953042,20.36939195,36.05851979,34.79188901,47.55854509,15.69297526,28.17014446,23.61733931
Saint Mary's,63.8792,113.709,98.5179,46.55172414,18.22343372,26.26984127,29.13021101,52.73279352,14.33401981,28.97777778,32.03441296
Saint Peter's,68.0078,95.3663,97.3462,50.14367816,18.75890597,34.17951043,39.82758621,46.16777308,19.62470163,25.18181818,36.57211829
Sam Houston St.,71.1169,99.5324,103.663,54.12868633,14.93423844,25.17073171,30.77747989,50.82236842,17.69480979,23.61904762,28.01535088
Samford,72.8,98.6287,112.638,46.03603604,23.41529493,35.59962229,37.95795796,46.08338598,21.96393367,27.37864078,40.80859128
San Diego,70.2001,94.3746,99.7504,50.66909976,18.80332389,27.31048806,32.11678832,50.49833887,24.33081018,30.82039911,44.71760797
San Diego St.,64.585,115.087,90.6115,47.98545048,20.818558,28.25112108,34.91885842,55.69843671,18.18273199,33.54037267,24.45789208
San Francisco,68.6987,108.302,98.1735,45.89195273,20.19632815,24.67771639,31.40123804,50.05455537,17.89719258,28.01147228,31.86033824
San Jose St.,73.3031,97.508,107.818,54.6101309,16.23471883,28.16901408,28.28685259,45.28301887,21.22249389,25.35079514,30.61472915
Santa Clara,71.5685,102.564,101.341,51.34041477,17.32259535,29.01023891,29.38796156,50.2425876,18.49480105,24.07574391,31.85983827
Seattle,69.8574,101.154,105.497,45.22363335,18.52422895,24.54242928,34.12479293,54.07725322,17.582319,30.36551078,34.38841202
Seton Hall,69.7948,112.264,92.7216,52.16031836,18.67508444,21.24401914,35.87265492,48.67476532,18.93997925,26.52877698,37.82440641
Siena,66.6728,107.169,105.105,45.25089606,13.63545733,26.80115274,34.82676225,48.6970684,18.78091293,27.88144896,41.69381107
SIU Edwardsville,68.9762,92.2939,110.014,51.42531357,18.61230245,29.23368023,34.83466363,45.66069429,19.4583162,30.38961039,32.41881299
SMU,64.7541,112.411,103.788,51.75699821,19.1686634,31.87250996,36.27159023,48.36206897,17.1586501,26.02870813,26.89655172
South Alabama,65.3494,104.934,103.881,51.38983051,18.2811459,25.51252847,40.61016949,51.4556962,20.14656895,29.61418144,26.64556962
South Carolina,73.0771,105.384,94.7198,48.62433862,18.07128858,32.09019948,36.82539683,45.20671061,21.34892425,28.55847688,53.08568005
South Carolina St.,67.4203,94.9009,113.194,46.13114754,20.38656055,30.64853556,39.27868852,52.64345583,17.82517217,27.9956427,38.620245
South Dakota,69.9941,108.58,108.943,54.59912989,15.05100957,19.24778761,40.77066501,52.16374269,14.90535464,22.10849539,32.22222222
South Dakota St.,67.9534,110.026,105.303,55.83668775,18.38863677,28.21833162,32.25991949,48.08917197,15.27671362,27.11864407,25.95541401
South Florida,64.8914,100.189,95.8977,46.55380895,22.18340398,32.41252302,37.48488513,51.00129199,23.25837069,25.16059957,34.49612403
Southeast Missouri St.,67.5691,93.9957,112.998,46.96782178,19.61213501,25.85877863,34.34405941,54.72103004,18.61151588,28.87249737,34.58001226
Southeastern Louisiana,72.0749,91.9963,109.619,46.79905157,22.24476401,28.04532578,31.41671606,53.65625,22.29249955,33.95810364,42.5
Southern,66.7974,97.1944,104.763,47.88359788,20.26061421,31.60469667,34.50911229,48.70633894,19.68173952,25.3125,48.77102199
Southern Illinois,64.2212,98.2388,98.6469,49.45512821,19.44228697,20.55214724,33.58974359,49.10607867,21.04577456,29.89183874,25.2681764
Southern Miss,67.2357,94.4067,103.842,47.81507283,22.04914365,26.68067227,23.49588347,51.31332083,17.63931492,26.31048387,33.0206379
Southern Utah,69.3196,98.8401,98.1416,48.73231132,19.20286863,27.33668342,35.90801887,45.84795322,16.84379386,23.31460674,37.01754386
St. Bonaventure,65.7272,106.587,102.222,49.1137793,17.44182414,30.88655863,27.15837621,49.25104853,17.64173044,26.60984848,32.95386459
St. Francis NY,70.317,94.554,106.452,46.39118457,18.20790891,27.176781,27.16253444,49.50867052,19.0547884,29.11985019,36.47398844
St. Francis PA,68.9268,107.566,107.882,51.4516129,17.46081108,32.74745606,32.6344086,50.8719346,19.16542852,29.50819672,27.62942779
St. John's,72.8992,106.121,95.2006,45.93188269,15.13793867,30.24645258,29.94323557,48.17653277,22.72799148,31.44032922,36.205074
Stanford,68.2571,104.438,90.3291,53.50521437,20.71486596,22.08835341,30.99652375,45.58073654,22.42982219,27.84140969,31.78470255
Stephen F. Austin,71.8263,104.086,97.0887,53.3374922,23.59298483,37.2651357,44.04242046,49.61832061,27.79050973,26.78958785,44.55239417
Stetson,63.221,98.0926,108.311,49.64584675,21.82714311,30.60165975,39.0856407,50.79787234,17.65282772,28.46153846,31.02836879
Stony Brook,69.8256,97.658,99.397,47.73718648,20.70110558,28.44677138,33.31515812,46.278826,18.39111096,27.28019721,27.35849057
Syracuse,68.2772,112.844,99.56,50.53619303,16.47285722,29.55145119,35.71045576,48.2869379,20.33013784,32.24455611,30.19271949
TCU,65.062,105.45,96.1441,49.39411425,21.54289431,32.19557196,27.06289671,49.29119905,20.95933961,29.56937799,30.83284111
Temple,70.2683,100.112,94.6247,46.01193706,18.08730168,25.87532024,33.26098752,46.37445887,18.49325109,26.74023769,29.49134199
Tennessee,65.1864,106.565,95.7688,48.82246377,20.49642039,30.49019608,37.19806763,45.9213615,19.5757774,30.13824885,35.3286385
Tennessee Martin,68.7432,105.052,122.875,50.85335019,18.48039767,30.40254237,32.49051833,58.41882921,16.94477724,34.36807095,28.18346409
Tennessee St.,69.2769,96.4025,104.553,53.01169591,24.68770957,30.67061144,31.98830409,46.97469747,17.14045397,27.86745964,38.22882288
Tennessee Tech,66.9021,92.5376,109.27,47.55306604,21.60449553,28.11621368,21.875,53.89022919,19.55880427,28.46638655,28.46803378
Texas,65.9139,104.066,92.6071,49.94219653,20.47432179,26.63461538,22.02312139,46.8973747,20.81556048,32.18059558,35.26252983
Texas A&M,64.544,100.998,97.2257,46.40127389,21.31541895,31.3229572,41.08280255,49.15611814,22.42664932,31.80039139,26.039783
Texas A&M Corpus Chris,65.6998,94.2855,105.996,51.51710781,26.56152729,30.62302006,33.44092963,48.71716555,19.13992408,29.05081496,41.29505192
Texas Southern,72.8583,99.1342,108.557,45.86021505,20.9576668,31.7677199,41.12903226,50.31545741,19.58620394,30.38086802,34.33228181
Texas St.,65.1898,106.262,98.3469,48.8862837,16.57021319,29.57467854,35.16998828,46.875,21.17030222,29.84496124,39
Texas Tech,67.3157,109.773,90.4912,51.68213457,19.73573203,27.960199,34.45475638,46.22697564,23.04053622,29.27970065,35.35353535
The Citadel,73.7303,94.9092,112.155,49.65430547,20.12362004,20.7778915,30.9239472,54.9340218,17.31910575,30.72916667,28.28456684
Toledo,68.0657,106.257,105.118,50.93273036,17.62247329,27.77777778,36.74392312,48.65789474,16.27760033,27.77777778,26.47368421
Towson,65.1372,105.657,104.786,48.68735084,18.10011945,32.37623762,34.90453461,48.73006497,15.72384678,26.83158896,30.9509746
Troy,69.2894,96.1926,106.625,46.11622555,19.93266648,29.47368421,29.22899885,52.29885057,20.029899,29.91967871,37.38656987
Tulane,68.7045,101.948,103.095,47.80573435,16.9212803,22.29299363,34.17203043,52.72350503,23.02247432,31.21852971,29.60331557
Tulsa,65.785,103.224,93.5771,49.57627119,19.73824344,26.2745098,39.76997579,46.65706052,21.53693229,27.9676259,28.29971182
UAB,65.7172,100.815,102.137,49.71962617,22.15252887,31.8134715,35.07788162,49.31506849,18.31939466,24.28571429,26.98034544
UC Davis,68.0317,104.662,109.434,52.29217604,18.81389596,22.88135593,31.84596577,54.08225905,19.73996856,27.81316348,35.91160221
UC Irvine,67.7452,105.387,99.2728,51.58227848,20.22195422,34.11405295,28.02071346,44.93559719,16.37247378,25.26978417,36.00702576
UC Riverside,63.1813,95.7888,99.7583,49.77183833,20.51680382,26.77419355,27.50977836,47.15025907,16.1241722,21.81818182,32.18911917
UC Santa Barbara,64.4937,106.097,105.337,51.12685126,18.26665343,31.3304721,37.15389569,50.99678457,18.95496211,25.67421791,30.09646302
UCF,67.8251,103.509,98.6341,49.35785172,19.92755803,28.80382775,30.88149445,47.83362218,20.649571,30.50847458,29.40496823
UCLA,64.8902,109.321,99.3998,48.39189994,19.48824662,34.54545455,37.58189398,50.87719298,19.38856249,25.35787321,35.21303258
UMass Lowell,70.2989,104.43,113.576,48.34581773,18.45773396,25.58823529,33.70786517,49.65753425,18.91662789,27.56866734,33.68617684
UMBC,66.8064,97.8013,105.732,50.54719562,19.8150959,23.96416573,30.30095759,49.52135493,21.08458673,29.9634592,48.37997054
UMKC,64.8577,97.5065,103.597,51.61473088,18.89912592,27.58945386,38.18696884,53.30314331,18.58414048,29.48356808,28.76931273
UNC Asheville,71.0355,98.7175,110.328,52.51647693,16.38519757,22.97029703,35.17076093,56.85407454,22.54176589,29.43143813,38.28174352
UNC Greensboro,67.7799,103.656,95.5357,48.82013634,16.50919344,32.99057412,24.85579444,49.96778351,24.85977384,27.04081633,36.79123711
UNC Wilmington,68.5107,92.0866,104.488,45.83592293,18.89256105,22.97955209,32.44251088,51.04353011,17.94293497,29.11764706,33.09481216
UNLV,67.0103,107.878,100.602,49.70682303,19.33351444,33.96226415,34.06183369,49.23076923,17.38657973,23.98230088,40.62678063
USC,68.9116,104.333,91.9863,49.49438202,20.40734983,30.60661765,35.39325843,44.60393408,18.12974383,27.88944724,28.01701223
USC Upstate,69.209,95.5041,110.847,47.42501415,18.04892515,25.10936133,34.23882286,53.46332945,18.93276426,29.38894277,39.4644936
UT Arlington,67.7368,102.263,98.3903,47.27171492,16.12554892,26.54320988,29.00890869,46.86073059,17.51733736,29.02938557,35.78767123
UT Rio Grande Valley,70.4301,98.659,105.981,46.80989583,18.0146268,27.64645427,35.09114583,53.10021629,23.49967735,29.95283019,44.19610671
Utah,66.6777,106.318,100.762,47.32872407,19.62605095,23.3366435,32.99811439,47.41219963,19.22449492,26.40776699,32.96364757
Utah St.,67.3859,109.55,94.6283,48.12030075,16.99460212,26.71821306,26.36949517,52.16262976,18.10900226,26.34054563,38.00461361
Utah Valley,70.3657,96.4763,104.215,51.34739309,19.72977258,28.97560976,35.79379028,50.26925148,17.70981967,26.92998205,23.04792676
UTEP,67.484,96.9045,98.1822,51.76697957,18.22054355,30.65420561,36.33351739,46.38424177,17.53897708,22.4625624,26.82137075
UTSA,72.8029,104.178,108.02,49.17163685,19.83635011,23.73791622,34.06229291,47.75,17.06970128,27.86377709,34.5
Valparaiso,69.2753,104.535,102.472,49.69308036,17.82605668,27.46858169,33.03571429,48.13365443,24.51082794,30.05725191,35.8819988
Vanderbilt,69.447,104.676,104.534,50.41345094,18.48468565,26.83363148,21.83020948,50.75890251,17.52940474,28.51746931,39.3461763
VCU,69.0245,104.697,94.4047,50.66897919,18.18305603,26.12982744,26.75916749,51.78571429,19.98460306,27.44588745,31.72877847
Vermont,66.2954,106.483,96.3839,50.16891892,18.43797958,25.44169611,41.44144144,52.65046935,19.5903533,29.36732767,36.8304804
Villanova,66.237,113.938,93.9608,51.63525499,17.1874358,27.54820937,31.26385809,44.80746791,19.06584408,22.58635961,31.44690782
Virginia,59.4466,99.2868,85.0621,52.63012182,16.0223457,25.7518797,26.85492802,48.18880351,16.87813865,24.48614835,23.60043908
Virginia Tech,65.476,104.302,97.9768,46.93069307,20.10915226,26.35574837,26.60066007,43.14230522,19.28948573,23.25809617,21.63554411
VMI,67.9254,100.17,108.129,50.31965903,14.63637046,21.03418054,22.85562067,48.48812095,17.59134746,25.46255507,26.13390929
Wagner,67.4857,97.2851,113.928,46.4763062,19.63448081,30.09708738,29.64763062,54.03014417,18.66044652,29.21589689,45.87155963
Wake Forest,70.1407,108.685,101.983,49.01074053,19.73802261,28.61035422,41.04013567,49.70572499,15.1623901,25.97402597,35.20599251
Washington,69.7585,105.793,93.1262,50.36868973,21.29104572,27.43961353,37.94668179,44.08854167,19.34746479,31.77795656,31.35416667
Washington St.,70.7507,102.223,97.9984,45.82479508,17.19482191,27.78222578,30.73770492,49.94523549,20.94800639,25.94936709,32.25629792
Weber St.,67.6329,98.8188,107.912,48.74078624,17.42480517,21.39148494,26.47420147,52.1887436,16.61903383,28.8981289,22.45594088
West Virginia,69.4182,108.323,87.0641,46.45390071,20.70678703,40.11925043,40.48008729,44.45438283,22.42077164,27.70083102,37.03041145
Western Carolina,71.4828,107.333,106.297,54.55917874,19.76756559,28.35209826,38.4057971,50.53072626,16.50449854,25.63143124,31.17318436
Western Illinois,71.3126,98.2742,114.951,48.51387054,15.4634747,21.22538293,21.66446499,55.65127498,15.11984193,26.15193026,35.0103377
Western Kentucky,68.3191,108.865,103.304,51.25229078,17.72145753,25.46201232,39.58460599,50.1936912,19.3236715,31.09004739,21.02933038
Western Michigan,67.3916,99.3702,105.724,48.17583732,18.8304241,24.76190476,35.40669856,50.1115449,16.23643711,29.33696639,31.73452315
Wichita St.,69.5498,105.598,90.4087,47.11792702,17.93833697,31.74872666,33.73876256,44.36660829,20.02208318,24.10071942,38.35376532
William & Mary,67.4962,103.308,105.479,53.51447135,18.7723144,24.63917526,30.59657413,49.53954496,14.25745398,23.78815081,26.48970748
Winthrop,71.8972,104.736,102.082,53.00254453,19.0512109,34.82587065,36.28498728,50.65008479,19.95635893,24.06417112,41.94460147
Wisconsin,63.6602,110.8,91.8542,50.3201397,15.40609264,24.11143132,26.89173458,46.42243847,16.90182979,25.92592593,25.30051517
Wofford,65.9001,104.473,103.389,53.32975295,17.90282768,25.19157088,25.67132116,51.52523572,17.81286372,24.26900585,31.78036606
Wright St.,72.1341,104.886,101.418,51.01010101,16.57349704,31.90559441,37.79904306,46.55263158,18.96044091,29.40677966,27.15789474
Wyoming,66.6912,94.0944,100.886,48.00713861,18.55106984,14.23255814,30.45806068,50.11229646,18.87170561,28.59744991,36.77709152
Xavier,68.1023,106.138,92.2389,48.98012552,19.77169456,32.23070399,30.85774059,46.36842105,18.61908456,27.5862069,28.94736842
Yale,67.4126,107.942,96.3674,53.83416459,18.50627892,25.80299786,31.23441397,46.48226097,16.57430474,21.33971292,25.67648827
Youngstown St.,66.4226,102.96,108.55,47.40566038,17.76611079,35.64189189,29.97903564,50.08183306,16.54732747,29.54545455,30.87834152
